Protein Type,Mutation,Protein,Avian residues,Doi,Source
H3,228S,H3,225G,https://doi.org/10.1007/s00705-019-04283-0,"Furthermore, we found that the PB2-D701N and HA-G228S mutations both enhance the ability of the virus to replicate in vivo and in vitro and that the PB2-D701N substitution results in an expansion of viral tissue tropism. "
H3,225D,H3,222G,https://doi.org/10.1093/bfgp/elx042,Switch the preference from avian- to human-type receptors.(H3 numbering)
H3,190D,H3,190E,https://doi.org/10.1093/bfgp/elx042,E190D and G225D mutations for HA from Subtype 1 and Q226L and G228S mutations for HAs from Subtypes 2 and 3 changed the preference from human- to avian-type receptors(H3 numbering)
H3,240R,H3,237N,https://doi.org/10.3201/eid1209.060276,https://europepmc.org/articles/PMC3294750/table/T1/
H1,389N,H1,389D,https://doi.org/10.3201/eid1209.060276,https://europepmc.org/articles/PMC3294750/table/T1/
H3,191N,H3,186V,https://doi.org/10.1128/JVI.00235-13,"Work with an H13N186 mutant confirmed the importance of V186 in the receptor binding specificity of H13 HA, which shows that the mutant protein reduced the binding of an avian receptor analog but increased the binding of a human receptor analog."
H3,228A,H3,225G,https://doi.org/10.1128/JVI.00847-20," However, the single-mutation avian H4-G228A or G228S grants the viruses human receptor-binding ability and maintains avian receptor binding (Figures 4B and 4C), although the G228A mutant displays slightly weaker binding to human receptors than avian receptors "
H3,228S,H3,225G,https://doi.org/10.1128/JVI.00847-20," However, the single-mutation avian H4-G228A or G228S grants the viruses human receptor-binding ability and maintains avian receptor binding (Figures 4B and 4C), although the G228A mutant displays slightly weaker binding to human receptors than avian receptors "
H3,226L,H3,223Q,https://doi.org/10.1016/j.celrep.2017.07.028,"We found that both the avian H4-Q226L and avian H4-Q226L-G228S mutant viruses reverse the binding mode of the avian H4 virus and preferentially bind to human receptors, with no avian receptor binding (Figures 4A and 4D), indicating that Q226L plays a major role for the receptor specificity switch."
H3,134V,H3,130A,"https://doi.org/10.1371/journal.ppat.1001106 & 
https://doi.org/10.1128/jvi.00468-07","  We found that the residue at position 134 of HA alters the receptor-binding property of the virus, as measured by viral elution from erythrocytes.  Also, while the L129V mutation alone did not change the receptor binding preference, the HA containing both L129V and A134V mutations bound equally well to both SAα2,3Gal and SAα2,6Gal.(H3 numbering)"
H3,144S,H3,140N,https://doi.org/10.3390/v11100923,"When we compared replication efficiency in embryonated chicken eggs, mammalian cells, and mice, the recombinant virus containing both N144S and I223V mutations showed increased replication efficiency in avian and mammalian hosts and pathogenicity in mice. (H3 numbering)"
H3,223V,H3,219I,https://doi.org/10.3390/v11100923,"When we compared replication efficiency in embryonated chicken eggs, mammalian cells, and mice, the recombinant virus containing both N144S and I223V mutations showed increased replication efficiency in avian and mammalian hosts and pathogenicity in mice. (H3 numbering)"
H3,142V,H3,138A,https://10.1134/S0026893320060126,Amino acids 138V and 186K adjoining RBS reduce the binding of H5N1 viruses to avian-type cell receptors (Neu5Acα2-3Gal) and increase the affinity to human-type receptors (Neu5Acα2-6Gal) and thus can be considered to be associated with adaptation
H3,190K,H3,186N,https://10.1134/S0026893320060126,Amino acids 138V and 186K adjoining RBS reduce the binding of H5N1 viruses to avian-type cell receptors (Neu5Acα2-3Gal) and increase the affinity to human-type receptors (Neu5Acα2-6Gal) and thus can be considered to be associated with adaptation
H3,160A,H3,156T,https://10.1186/s13567-017-0410-0,"The results show that the T160A substitution resulted in the loss of a glycosylation site at 158N and led not only to enhanced binding specificity for human-type receptors but also transmissibility among guinea pigs, which could be considered as an important molecular marker for assessing pandemic potential of H5 subtype avian influenza isolates.(H3 numbering)"
H3,227N,H3,223S,https://10.1038/srep11434,S223N has previously been detected by in silico prediction and experimentally confirmed to enhance human receptor specificity of H5N1 influenza A viruses.
H3,196Q,H3,192R,http://doi.org/10.1038/nature05264, This finding implicates Gln192→Arg as a possible determinant of the shift to recognition of the human receptor by VN/3028IIcl3 (Fig. 2a).
H3,196Q,H3,192H,https://doi.org/10.1371/journal.ppat.1002068,"In contrast, the H192Q mutation, but not the P235S mutation, in HAs of EG/12 (denoted rEG/D1-EG/12 HAH192Q) and EG/4822 decreased α2,6 SA binding (Figures 3B and S3A). These findings suggested that the Q192H mutation in H5N1 avian viruses increased the binding affinity of HA for the human receptor."
H3,193V,H3,190E,http://doi.org/10.1038/nature05264,"The E190V and G228S mutations in the HA protein, as well as the frequent genetic reassortment of the H6 AIVs, may increase affinity for the human-type receptor, which would pose an increasing threat to public health."
H3,231S,H3,228G,http://doi.org/10.1038/nature05264,"The E190V and G228S mutations in the HA protein, as well as the frequent genetic reassortment of the H6 AIVs, may increase affinity for the human-type receptor, which would pose an increasing threat to public health."
H3,226D,H3,223G,https://doi.org/10.15252/emmm.201707726,"A single nucleotide substitution, resulting in a change from Gly to Asp at position 225 (G225D), completely switches specificity to human-type (NeuAcα2-6Gal) receptors. (H3 numbering)"
H3,186V,H3,177G,https://doi.org/10.1016/j.celrep.2019.10.047, Mutagenesis and structural studies reveal that a G186V substitution is sufficient for H7N9 AIVs to acquire human receptor-binding capacity.(H3 numbering)
H3,135A,H3,125V,https://dx.doi.org/10.2807%2F1560-7917.ES.2019.24.21.1900273,"The V125A mutation in HA (loss of glycosylation site) of the human infected H7N9 virus may associate with the adaptation in humans, as all of the environmental H7N9 isolates (from poultry close to the infected patients) are carrying V125."
H3,186V,H3,177G,https://doi.org/10.2807%2F1560-7917.ES.2019.24.21.1900273,Increased virus binding to human-type receptors.
H3,226L,H3,217Q,https://doi.org/10.2807%2F1560-7917.ES.2019.24.21.1900273,Increased virus binding to human-type receptors.
H3,165A,H3,156T,https://doi.org/10.1038%2Fs41598-017-10749-5,"T160A causes the loss of a glycosylation site on the 150-loop, which might decrease the affinity of A(H7N9) virus to α-2,3 avian-like receptors.(H3 numbering)"
H3,186I,H3,177V,https://doi.org/10.1093/ve/veaa021, It is likely that the V186I substitution contributed to the acquisition of the human receptor-binding capacity by the A/China/LN/2017 virus and impaired its avian receptor-binding capacity.(H3 numbering)
H3,121T,H3,111I,https://doi.org/10.1080/22221751.2019.1663131,"Two new H7 mutations (I111T and A146S) that contribute to increased H7N7 pathogenicity in mice and contact transmission in guinea pigs do not alter receptor specificity. All SC35F HA mutants preferentially bound to avian-like α2,3-linked sialic acid containing receptors. However, both H7 adaptive mutations HA mutations I111T and A146S conferred fusion activity at lower pH, which is a hallmark of viral transmissibility"
H3,157S,H3,146A,https://doi.org/10.1080/22221751.2019.1663131,"Two new H7 mutations (I111T and A146S) that contribute to increased H7N7 pathogenicity in mice and contact transmission in guinea pigs do not alter receptor specificity. All SC35F HA mutants preferentially bound to avian-like α2,3-linked sialic acid containing receptors. However, both H7 adaptive mutations HA mutations I111T and A146S conferred fusion activity at lower pH, which is a hallmark of viral transmissibility."
H7,452T,H7,452A,https://doi.org/10.3390/v12010065,"Of the three mutations, the mutation in HA (A452T) played the strongest role in increasing the virulence of H7N9-PBC virus in mice."
H3,233Q,H3,224H,https://doi.org/10.1371/journal.pone.0227597,
H3,275D,H3,265N,https://doi.org/10.1371/journal.pone.0227597,
H3,312E,H3,303K,https://doi.org/10.1371/journal.pone.0227597,
H7,461M,H7,461I,https://doi.org/10.1371/journal.pone.0227597,
H3,155T,H3,145I,https://doi.org/10.1371/journal.ppat.1004508,"The amino acid mutation I155T (H3 numbering used throughout) in HA favors the binding of H9N2 virus to the α-2, 6-siaylglycopolymer"
H3,226L,H3,216Q,http://dx.doi.org/10.4149/av_2021_205," Whereas most previous sequences from Iran have Glu (Q) at position 216, the A/chicken/Iran/1/2018 H9N2 strain carried the substitution (Q216L). This mutation is correlated with a shift in the affinity of the HA from avian to human type and from a preference for α 2, 3 to α 2, 6 link between the sialic acid residues and galactose."
H3,190V,H3,180A,https://doi.org/10.1128/JVI.02125-16,"Our results indicate that the HA190 mutation has a major effect on the binding activity by extending the spectrum of sialic acids recognized to the α2,6/8/9-linkage types.(H3 numbering)"
H3,212I,H3,202T,https://doi.org/10.1128/JVI.02125-16, It appears that the T212I mutation detected in P3 and located a distance from the receptor-binding site resulted in a conformational change that had an effect on the sialic acid binding activity similar to that of a Q226L mutation. (H3 numbering)
H3,236L,H3,226Q,https://doi.org/10.1136/vetreco-2016-000171,The mammalian host-specific markers at position 226 in the haemagglutinin receptor-binding site and internal genes suggest that Pakistan H9N2 viruses are still potentially infectious for mammals.The L at position 226 in the HA receptor binding site plays a key role in human virus-like receptor specificity and promotes the transmission of H9N2 in ferrets.
H3,145N,H3,135D,https://doi.org/10.3389/fmicb.2020.602124,"In summary, mutations Q227M, D145G, D145N, S119R, and R246K can significantly enhance the binding strength of the H9N2 virus to both avian and human receptors.(H3 numbering)"
H3,119R,H3,112S,https://doi.org/10.3389/fmicb.2020.602124,"In summary, mutations Q227M, D145G, D145N, S119R, and R246K can significantly enhance the binding strength of the H9N2 virus to both avian and human receptors.(H3 numbering)"
H3,246K,H3,236R,https://doi.org/10.3389/fmicb.2020.602124,"In summary, mutations Q227M, D145G, D145N, S119R, and R246K can significantly enhance the binding strength of the H9N2 virus to both avian and human receptors.(H3 numbering)"
H3,145G,H3,135D,https://doi.org/10.3389/fmicb.2020.602124,"In summary, mutations Q227M, D145G, D145N, S119R, and R246K can significantly enhance the binding strength of the H9N2 virus to both avian and human receptors.(H3 numbering)"
H3,227M,H3,217Q,https://doi.org/10.3389/fmicb.2020.602124,"In summary, mutations Q227M, D145G, D145N, S119R, and R246K can significantly enhance the binding strength of the H9N2 virus to both avian and human receptors.(H3 numbering)"
H3,160D,H3,150A,https://doi.org/10.3389/fmicb.2020.602124,"Mutations A160D/N, Q156R, T205A, Q226L, V245I, V216L, D208E, T212I, R172Q, and S175N can significantly enhance the binding strength to human receptors. (H3 numbering)"
H3,160N,H3,150A,https://doi.org/10.3389/fmicb.2020.602124,"Mutations A160D/N, Q156R, T205A, Q226L, V245I, V216L, D208E, T212I, R172Q, and S175N can significantly enhance the binding strength to human receptors. (H3 numbering)"
H3,205A,H3,195T,https://doi.org/10.3389/fmicb.2020.602124,"Mutations A160D/N, Q156R, T205A, Q226L, V245I, V216L, D208E, T212I, R172Q, and S175N can significantly enhance the binding strength to human receptors. (H3 numbering)"
H3,226L,H3,216Q,https://doi.org/10.3389/fmicb.2020.602124,"Mutations A160D/N, Q156R, T205A, Q226L, V245I, V216L, D208E, T212I, R172Q, and S175N can significantly enhance the binding strength to human receptors. (H3 numbering)"
H3,245I,H3,235V,https://doi.org/10.3389/fmicb.2020.602124,"Mutations A160D/N, Q156R, T205A, Q226L, V245I, V216L, D208E, T212I, R172Q, and S175N can significantly enhance the binding strength to human receptors. (H3 numbering)"
H3,216L,H3,206V,https://doi.org/10.3389/fmicb.2020.602124,"Mutations A160D/N, Q156R, T205A, Q226L, V245I, V216L, D208E, T212I, R172Q, and S175N can significantly enhance the binding strength to human receptors. (H3 numbering)"
H3,208E,H3,198D,https://doi.org/10.3389/fmicb.2020.602124,"Mutations A160D/N, Q156R, T205A, Q226L, V245I, V216L, D208E, T212I, R172Q, and S175N can significantly enhance the binding strength to human receptors. (H3 numbering)"
H3,172Q,H3,162R,https://doi.org/10.3389/fmicb.2020.602124,"Mutations A160D/N, Q156R, T205A, Q226L, V245I, V216L, D208E, T212I, R172Q, and S175N can significantly enhance the binding strength to human receptors. (H3 numbering)"
H3,175N,H3,165S,https://doi.org/10.3389/fmicb.2020.602124,"Mutations A160D/N, Q156R, T205A, Q226L, V245I, V216L, D208E, T212I, R172Q, and S175N can significantly enhance the binding strength to human receptors. (H3 numbering)"
H3,156R,H3,146Q,https://doi.org/10.3389/fmicb.2020.602124,"Mutations A160D/N, Q156R, T205A, Q226L, V245I, V216L, D208E, T212I, R172Q, and S175N can significantly enhance the binding strength to human receptors. (H3 numbering)"
H3,190V,H3,180[AT],https://doi.org/10.1128/JVI.01141-16,"The amino acid V at position 190 in HA does not affect virus receptor binding specificity but significantly enhances HA affinity to human cells and virus attachment to mouse and human lung tissues, thereby resulting in increased virus replication in mice. (H3 numbering)"
H3,155T,H3,145,https://doi.org/10.3390/v12050541,
H3,183N,H3,173,https://doi.org/10.3390/v12050541,
H3,190T,H3,180,https://doi.org/10.3390/v12050541,
H3,190V,H3,180,https://doi.org/10.3390/v12050541,
H3,226L,H3,216,https://doi.org/10.3390/v12050541,
H3,227Q,H3,217,https://doi.org/10.3390/v12050541,
H3,228S,H3,218,https://doi.org/10.3390/v12050541,
H3,63N,H3,63D,https://doi.org/10.1371/journal.ppat.1009566,"Substitutions R62I, D81N and A144G promoted viral replication in human airway epithelial cultures. Analysis of HA sequences revealed that substitutions D63N and D81N accompanied by the addition of N-glycans represent common markers of avian H3 HA adaptation to mammals. "
H3,81N,H3,81D,https://doi.org/10.1371/journal.ppat.1009566,"Substitutions R62I, D81N and A144G promoted viral replication in human airway epithelial cultures. Analysis of HA sequences revealed that substitutions D63N and D81N accompanied by the addition of N-glycans represent common markers of avian H3 HA adaptation to mammals. "
H3,62I,H3,62R,https://doi.org/10.1371/journal.ppat.1009566,"Substitutions R62I, D81N and A144G promoted viral replication in human airway epithelial cultures. Analysis of HA sequences revealed that substitutions D63N and D81N accompanied by the addition of N-glycans represent common markers of avian H3 HA adaptation to mammals. "
H3-combination_9_0,186G,H3,186&193&228VKG,https://doi.org/10.1371/journal.ppat.1006390,"We demonstrate here that several alternative three-amino-acid mutations (V186G/K-K193T-G228S or V186N-N224K-G228S) can switch the receptor specificity of the H7N9 HA from avian- to human-type, a property required for transmission in humans and ferrets"
H3-combination_9_0,186K,H3,186&193&228VKG,https://doi.org/10.1371/journal.ppat.1006390,"We demonstrate here that several alternative three-amino-acid mutations (V186G/K-K193T-G228S or V186N-N224K-G228S) can switch the receptor specificity of the H7N9 HA from avian- to human-type, a property required for transmission in humans and ferrets"
H3-combination_9_1,193T,H3,186&193&228VKG,https://doi.org/10.1371/journal.ppat.1006390,"We demonstrate here that several alternative three-amino-acid mutations (V186G/K-K193T-G228S or V186N-N224K-G228S) can switch the receptor specificity of the H7N9 HA from avian- to human-type, a property required for transmission in humans and ferrets"
H3-combination_9_2,228S,H3,186&193&228VKG,https://doi.org/10.1371/journal.ppat.1006390,"We demonstrate here that several alternative three-amino-acid mutations (V186G/K-K193T-G228S or V186N-N224K-G228S) can switch the receptor specificity of the H7N9 HA from avian- to human-type, a property required for transmission in humans and ferrets"
H3-combination_10_0,186N,H3,186&224&228VNG,https://doi.org/10.1371/journal.ppat.1006390,"We demonstrate here that several alternative three-amino-acid mutations (V186G/K-K193T-G228S or V186N-N224K-G228S) can switch the receptor specificity of the H7N9 HA from avian- to human-type, a property required for transmission in humans and ferrets"
H3-combination_10_1,224K,H3,186&224&228VNG,https://doi.org/10.1371/journal.ppat.1006390,"We demonstrate here that several alternative three-amino-acid mutations (V186G/K-K193T-G228S or V186N-N224K-G228S) can switch the receptor specificity of the H7N9 HA from avian- to human-type, a property required for transmission in humans and ferrets"
H3-combination_10_2,228S,H3,186&224&228VNG,https://doi.org/10.1371/journal.ppat.1006390,"We demonstrate here that several alternative three-amino-acid mutations (V186G/K-K193T-G228S or V186N-N224K-G228S) can switch the receptor specificity of the H7N9 HA from avian- to human-type, a property required for transmission in humans and ferrets"
H4-combination_13_0,223L,H4,223&225QG,https://doi.org/10.1016/j.celrep.2017.07.028,"We found that both the avian H4-Q226L and avian H4-Q226L-G228S mutant viruses reverse the binding mode of the avian H4 virus and preferentially bind to human receptors, with no avian receptor binding (Figures 4A and 4D), indicating that Q226L plays a major role for the receptor specificity switch."
H4-combination_13_1,225S,H4,223&225QG,https://doi.org/10.1016/j.celrep.2017.07.028,"We found that both the avian H4-Q226L and avian H4-Q226L-G228S mutant viruses reverse the binding mode of the avian H4 virus and preferentially bind to human receptors, with no avian receptor binding (Figures 4A and 4D), indicating that Q226L plays a major role for the receptor specificity switch."
H7-combination_39_0,177G,H7,186&184&219VKG ,https://doi.org/10.1371/journal.ppat.1006390,Several alternative three-amino-acid mutations (V186G/K-K193T-G228S or V186N-N224K-G228S) can switch the receptor specificity of the H7N9 HA from avian- to human-type.(N3 numbering)
H7-combination_39_0,177K,H7,186&184&219VKG ,https://doi.org/10.1371/journal.ppat.1006390,Several alternative three-amino-acid mutations (V186G/K-K193T-G228S or V186N-N224K-G228S) can switch the receptor specificity of the H7N9 HA from avian- to human-type.(N3 numbering)
H7-combination_39_1,184T,H7,186&184&219VKG ,https://doi.org/10.1371/journal.ppat.1006390,Several alternative three-amino-acid mutations (V186G/K-K193T-G228S or V186N-N224K-G228S) can switch the receptor specificity of the H7N9 HA from avian- to human-type.(N3 numbering)
H7-combination_39_2,219S,H7,186&184&219VKG ,https://doi.org/10.1371/journal.ppat.1006390,Several alternative three-amino-acid mutations (V186G/K-K193T-G228S or V186N-N224K-G228S) can switch the receptor specificity of the H7N9 HA from avian- to human-type.(N3 numbering)
H7-combination_40_0,177N,H7,186&215&219VNG,https://doi.org/10.1371/journal.ppat.1006390,Several alternative three-amino-acid mutations (V186G/K-K193T-G228S or V186N-N224K-G228S) can switch the receptor specificity of the H7N9 HA from avian- to human-type.(N3 numbering)
H7-combination_40_1,215K,H7,186&215&219VNG,https://doi.org/10.1371/journal.ppat.1006390,Several alternative three-amino-acid mutations (V186G/K-K193T-G228S or V186N-N224K-G228S) can switch the receptor specificity of the H7N9 HA from avian- to human-type.(N3 numbering)
H7-combination_40_2,219S,H7,186&215&219VNG,https://doi.org/10.1371/journal.ppat.1006390,Several alternative three-amino-acid mutations (V186G/K-K193T-G228S or V186N-N224K-G228S) can switch the receptor specificity of the H7N9 HA from avian- to human-type.(N3 numbering)
M1,197V,M1,192M,https://doi.org/10.1016/j.virusres.2019.06.002,"Here, we further investigate the effect of these mutations on mammalian pathogenicity and found that both PB2-D701N and M1-M192V mutations could enhance mammalian adaptation and pathogenicity of H3N2 avian influenza virus in mice."
M2,11I,M2,11T,https://doi.org/10.3201/eid1209.060276,https://europepmc.org/articles/PMC3294750/table/T1/
NP,319K,NP,319N,https://doi.org/10.1038%2Fncomms1158,Increases binding to mammalian importin α‐1 proteins and polymerase activity. Related to host range specificity.
NS1,172K,NS1,172E,https://doi.org/10.1038/ncomms14751,A unique E172K substitution in the NS1 protein of A(H7N9) virus may confer its replication in both avian host and mammalian cells.
NS2,70G,NS2,70S,https://doi.org/10.3201/eid1209.060276,https://europepmc.org/articles/PMC3294750/table/T1/
PA,382D,PA,382E,https://doi.org/10.3390/v12070774,"However, molecular analysis revealed the E119V mutation in the NA gene and a human host marker mutation E382D in the polymerase acidic (PA) gene, implying their susceptibility to neuraminidase inhibitors and potential infectivity in humans, respectively"
PA-X,195K,PA-X,195R,https://doi.org/10.1128/JVI.01817-19,"PA-X R195K was present in all human H7N9 and H1N1/2009 viruses and predominated in human H5N6 viruses. Compared with PA-X 195R, H7N9 influenza viruses bearing PA-X 195K showed increased replication and transmission in ferrets.Among these substitutions, PA-X 195K, which is present in all human H7N9 and H1N1/2009 viruses, enhanced the immunopathology and respiratory droplet transmission of H7N9 viruses and conferred selective advantages on H1N1/2009 viruses in mammals."
PB1,3V,PB1,3D,https://doi.org/10.1099/jgv.0.000674,PB1-V3D mutation significantly decreased polymerase activity and viral growth in both mammalian and avian cells.
PB1,13P,PB1,13L,https://doi.org/10.1128/JVI.00666-07,"Thus, when comparing the avian SC35 strain (H7N7) with its mouse-adapted variant SC35M, we previously identified six mutations in SC35M responsible for the increased virulence in mice (L13P and S678N in PB1, D701N and S714R in PB2, K615N in PA, and N319K in NP)."
PB1,678N,PB1,678S,https://doi.org/10.1128/JVI.00666-07,"Thus, when comparing the avian SC35 strain (H7N7) with its mouse-adapted variant SC35M, we previously identified six mutations in SC35M responsible for the increased virulence in mice (L13P and S678N in PB1, D701N and S714R in PB2, K615N in PA, and N319K in NP)."
PB1,473V,PB1,473L,https://doi.org/10.1099/vir.0.036434-0,"In summary, our results showed that amino acids 473V and 598P of PB1 contribute to the polymerase activity of H5N1 viruses, especially in mammalian cells. Amino acid 473V in PB1 also plays a role in the viral polymerase activity and virus growth of the 2009 pH1N1 virus in mammalian cells."
PB1,598P,PB1,598L,https://doi.org/10.1099/vir.0.036434-0,"In summary, our results showed that amino acids 473V and 598P of PB1 contribute to the polymerase activity of H5N1 viruses, especially in mammalian cells. Amino acid 473V in PB1 also plays a role in the viral polymerase activity and virus growth of the 2009 pH1N1 virus in mammalian cells."
PB1,469T,PB1,469A,https://doi.org/10.1128/JVI.01679-14,PB1 A469T mutation conferred enhanced polymerase activity to parental rH1N1 RNP complex.
PB1,105S,PB1,105N,https://doi.org/10.1038/ncomms8491,"This approach led us to identify specific mutations in the polymerase complex that, to the best of our knowledge, have never been reported as mammalian-adapting mutations, namely PB2-E192K, -E627V, -D701V, -K702R and PB1-N105S."
PB1,524G,PB1,524S,https://doi.org/10.1080/22221751.2021.1912644,We further found that the PB1 S524G mutation conferred T222 virus airborne transmissibility between ferrets. We also determined that the 524G mutant increased viral pathogenicity slightly in mice compared with the WT (wild type). PB1 S524G mutation of wild bird-origin H3N8 influenza A virus enhances virulence and fitness for transmission in mammals.
PB1-combination_82_0,340K,PB1,340&588RA,https://doi.org/10.1016/j.virol.2014.11.031,"Two amino acid substitutions, 340 K and 588 V, were identified in the PB2 gene of the MA virus. Therefore, we generated variant viruses contained a single amino acid substitution in PB2 in WT backbone (WT-PB2340K and WT-PB2588V). The two variants also displayed increased pathogenicity than the recombinant viruses, with the exception of the WT-PB2MA virus (Fig. 5). In guinea pig study, both WT-PB2340K and WT-PB2588V transmitted to direct contact guinea pigs, but no virus detected in the aerosol contact guinea pigs (Fig. 6B,C)."
PB1-combination_82_1,588V,PB1,340&588RA,https://doi.org/10.1016/j.virol.2014.11.031,"Two amino acid substitutions, 340 K and 588 V, were identified in the PB2 gene of the MA virus. Therefore, we generated variant viruses contained a single amino acid substitution in PB2 in WT backbone (WT-PB2340K and WT-PB2588V). The two variants also displayed increased pathogenicity than the recombinant viruses, with the exception of the WT-PB2MA virus (Fig. 5). In guinea pig study, both WT-PB2340K and WT-PB2588V transmitted to direct contact guinea pigs, but no virus detected in the aerosol contact guinea pigs (Fig. 6B,C)."
PB1,621R,PB1,621Q,http://dx.doi.org/10.1038%2Fs41564-021-00976-y, PB1-Q621R and NP-R351K increased viral replication and transmission in piglets when introduced into the 1979–1983 ancestral virus that lacked efficient transmissibility.
PB1,400S,PB1,400T,https://doi.org/10.1016/j.virol.2021.04.001,"Introduction of T400S and K486R in PB1 proteins enhanced polymerase activities of the human seasonal H3N2 RNP but not of avian origin swine H4N6 RNP (Fig. 4), indicating the importance of these two mutations in host adaption from avian to mammals but not vice versa. "
PB1,486R,PB1,486K,https://doi.org/10.1016/j.virol.2021.04.001,"Introduction of T400S and K486R in PB1 proteins enhanced polymerase activities of the human seasonal H3N2 RNP but not of avian origin swine H4N6 RNP (Fig. 4), indicating the importance of these two mutations in host adaption from avian to mammals but not vice versa."
PB1,577E,PB1,577K,https://doi.org/10.3390/v10110653,The PB1-K577E mutation is a novel pathogenicity determinant of H9N2 virus in mice and could be a signature for mammalian adaptation.
PB1,368V,PB1,368I,https://doi.org/10.3390/v12050541&https://doi.org/10.1126/science.1213362,"PB1-I368V, which was present in a ferret adapted H5N1 virus , has shown increased predominance among H9N2 viruses, with its frequency increasing from 2.8% prior to 1999, to 21% in the period 1999–2012, and to 67% in the period 2013–2019."
PB1,99Y,PB1,99H,https://doi.org/10.3390/v12050541&https://doi.org/10.1126/science.1213362, PB1-H99Y (a substitution identified during H5N1 virus adaptation to ferrets)
PB1,327K,PB1,327R,https://doi.org/10.3201/eid1209.060276,https://europepmc.org/articles/PMC3294750/table/T1/
PB1,336I,PB1,336V,https://doi.org/10.3201/eid1209.060276,https://europepmc.org/articles/PMC3294750/table/T1/
PB1-F2,73R,PB1-F2,73K,https://doi.org/10.3201/eid1209.060276,https://europepmc.org/articles/PMC3294750/table/T1/
PB2,292V,PB2,292I,https://doi.org/10.1099%2Fjgv.0.001294,"The PB2-I292V in H9N2 virus confers increased replication and more severe pathogenicity to mice through enhancing viral polymerase and strong attenuation of IFN-β induction. In the mouse in vivo model, PB2-292V mutation increases H9N2 virus replication with ensuing increase in disease severity. Collectively, PB2-292V is a new mammalian adaptive marker that promotes H9N2 virus replication in mammalian hosts with the potential to improve transmission from birds to humans."
PB2,588V,PB2,588A,https://doi.org/10.1111/tbed.14157," Among them, PB2-A588V significantly enhanced the activity of polymerase in avian and mammalian cells. Notably, animal experiments showed that PB2-A588V substitution increased the pathogenicity and transmissibility in chickens and the virulence of mice. "
PB2,283L,PB2,283M,https://doi.org/10.1111/tbed.13601, The substitution PB2-M283L enhanced the growth capacity and polymerase activity in human and mammalian cells in comparison to the rWT virus. Our data extend the important role of PB2 substitutions in the adaptation of H5 subtype IAVs to mammalian hosts.
PB2,627K,PB2,627E,https://doi.org/10.1016/j.vetmic.2014.09.032,Our results suggest that PB2 E627K may also be an important adaptive change leading to enhanced H6N1 viral virulence in mammals.
PB2,526R,PB2,526K,https://doi.org/10.1038/ncomms6509," Polymerase complexes containing PB2-526R derived from H7N9, H5N1 or H3N2 viruses exhibit increased polymerase activity. PB2-526R also enhances viral transcription and replication in cells."
PB2,158K,PB2,158E,https://doi.org/10.1099/jgv.0.001192,"Molecular analysis of BJ21-MA identified four mutations, located in proteins PB2 (E158K and E627K) and HA (L331I and G453R, H3 numbering). Further studies showed that the introduction of E158K and/or E627K substitutions into PB2 significantly increased polymerase activity, which led to the enhanced replication and virulence of BJ21-MA. "
PB2,701N,PB2,158E,https://doi.org/10.1007/s00705-019-04283-0,"Furthermore, we found that the PB2-D701N and HA-G228S mutations both enhance the ability of the virus to replicate in vivo and in vitro and that the PB2-D701N substitution results in an expansion of viral tissue tropism. "
PB2,282E,PB2,282S,https://doi.org/10.1128/jvi.02190-21,"Our data show that the human-adapted polymerase, harboring a bat-specific signature (PB2-S282,) performs poorly, while bat PB2 protein, harboring a human-specific signature (PB2-E282), shows increased fitness in human cells."
PB2,714R,PB2,714S,https://doi.org/10.1128/JVI.00666-07,"Thus, when comparing the avian SC35 strain (H7N7) with its mouse-adapted variant SC35M, we previously identified six mutations in SC35M responsible for the increased virulence in mice (L13P and S678N in PB1, D701N and S714R in PB2, K615N in PA, and N319K in NP).Whereas each individual mutation alters polymerase activities quite significantly in mammalian cells, the effects are less distinct in avian cells."
PB2,271A,PB2,271T,https://doi.org/10.1128/JVI.02642-09,The PB2 mutation T271A enhances polymerase activity in human cells.  The 271A virus showed enhanced growth compared to that of the WT in mammalian cells in vitro. 
PB2,598T,PB2,V598,https://doi.org/10.1016/j.virol.2016.11.008,"In summary, we demonstrated that the substitutions PB2-V598T/I enhanced virus replication and pathogenicity through elevating the polymerase activity in the avian H7N9 IAV in mammals."
PB2,598I,PB2,V598,https://doi.org/10.1016/j.virol.2016.11.008,"In summary, we demonstrated that the substitutions PB2-V598T/I enhanced virus replication and pathogenicity through elevating the polymerase activity in the avian H7N9 IAV in mammals."
PB2,192K,PB2,192E,https://doi.org/10.1038/ncomms8491,"This approach led us to identify specific mutations in the polymerase complex that, to the best of our knowledge, have never been reported as mammalian-adapting mutations, namely PB2-E192K, -E627V, -D701V, -K702R and PB1-N105S."
PB2,627V,PB2,627E,https://doi.org/10.1038/ncomms8491,"This approach led us to identify specific mutations in the polymerase complex that, to the best of our knowledge, have never been reported as mammalian-adapting mutations, namely PB2-E192K, -E627V, -D701V, -K702R and PB1-N105S."
PB2,701V,PB2,701D,https://doi.org/10.1038/ncomms8491,"This approach led us to identify specific mutations in the polymerase complex that, to the best of our knowledge, have never been reported as mammalian-adapting mutations, namely PB2-E192K, -E627V, -D701V, -K702R and PB1-N105S."
PB2,702R,PB2,702K,https://doi.org/10.1038/ncomms8491,"This approach led us to identify specific mutations in the polymerase complex that, to the best of our knowledge, have never been reported as mammalian-adapting mutations, namely PB2-E192K, -E627V, -D701V, -K702R and PB1-N105S."
PB2,591R,PB2,591Q,https://doi.org/10.1371/journal.ppat.1001034,Our study identifies a new marker (PB2-591R or K) for influenza virus adaptation in mammals that compensates for the lack of PB2-627K.
PB2,591K,PB2,591Q,https://doi.org/10.1371/journal.ppat.1001034,Our study identifies a new marker (PB2-591R or K) for influenza virus adaptation in mammals that compensates for the lack of PB2-627K.
PB2,89V,PB2,L89,https://doi.org/10.1016/j.virusres.2009.04.008,"From MA1 to MA15, there were seven amino acid substitutions in PB2, L89V, G309D, T339K, R477G, I495V, K627E and A676T, which caused the increasing virulence and replication in mammals."
PB2,477G,PB2,477R,https://doi.org/10.1016/j.virusres.2009.04.008,"From MA1 to MA15, there were seven amino acid substitutions in PB2, L89V, G309D, T339K, R477G, I495V, K627E and A676T, which caused the increasing virulence and replication in mammals."
PB2,309D,PB2,309G,https://doi.org/10.1016/j.virusres.2009.04.008,"From MA1 to MA15, there were seven amino acid substitutions in PB2, L89V, G309D, T339K, R477G, I495V, K627E and A676T, which caused the increasing virulence and replication in mammals."
PB2,115Q,PB2,115H,https://doi.org/10.3389/fcimb.2021.688007," We found that this isolate could be transmitted by direct contact and aerosol in mammals. More importantly, after 5 passages in mice, the virus acquired two adaptive mutations, PB1-H115Q and B2-E627K, exhibiting increased virulence and aerosol transmissibility. "
PB2-combination_112_0,590S,PB2,590&591GQ,https://doi.org/10.3390/v12050541," Our results that a basic amino acid at PB2-591 provided a replicative advantage in mammals to avian H5N1 viruses (which possess a glycine at PB2-590), argue against a critical role of PB2-590S in the adaptation of H5N1 influenza viruses to mammals. "
PB2-combination_112_1,591R,PB2,590&591GQ,https://doi.org/10.3390/v12050541," Our results that a basic amino acid at PB2-591 provided a replicative advantage in mammals to avian H5N1 viruses (which possess a glycine at PB2-590), argue against a critical role of PB2-590S in the adaptation of H5N1 influenza viruses to mammals. "
PB2-combination_112_1,591K,PB2,590&591GQ,https://doi.org/10.3390/v12050541," Our results that a basic amino acid at PB2-591 provided a replicative advantage in mammals to avian H5N1 viruses (which possess a glycine at PB2-590), argue against a critical role of PB2-590S in the adaptation of H5N1 influenza viruses to mammals. "
PB2,613T,PB2,613V,https://doi.org/10.3201/eid1209.060276,https://europepmc.org/articles/PMC3294750/table/T1/
PB2,44S,PB2,44A,https://doi.org/10.3201/eid1209.060276,https://europepmc.org/articles/PMC3294750/table/T1/
PB2,475M,PB2,475L,https://doi.org/10.3201/eid1209.060276,https://europepmc.org/articles/PMC3294750/table/T1/
PB2,674T,PB2,674A,https://doi.org/10.3201/eid1209.060276,https://europepmc.org/articles/PMC3294750/table/T1/
PB2,89V,PB2,89L,https://doi.org/10.1111/irv.12724,"Furthermore, our H5N8 consensus sequences all displayed the NS (P42S) and PB2 (L89V) mammalian‐adaptive mutations associated with H5N1 strains. "
PB2,249G,PB2,249E,https://doi.org/10.1128/jvi.03328-14,"Furthermore, we demonstrate that the amino acid residues at positions 249, 309, and 339 of the PB2 protein from this human isolate were responsible for its efficient replication in A549 cells. PB2 residues 249G and 339M, which are found in the human H5N1 virus, are rare in H5N1 viruses from both human and avian sources.The amino acid mutations E249G and T339M may be associated with the adaptation of H5N1 virus to humans."
PB2,9N,PB2,9D,https://doi.org/10.1038/s41426-018-0050-0,
PB2,67V,PB2,67I,https://doi.org/10.1038/s41426-018-0050-0,
PB2,82S,PB2,82N,https://doi.org/10.1038/s41426-018-0050-0,
PB2,106A,PB2,106T,https://doi.org/10.1038/s41426-018-0050-0,
PB2,109I,PB2,109V,https://doi.org/10.1038/s41426-018-0050-0,
PB2,114I,PB2,114V,https://doi.org/10.1038/s41426-018-0050-0,
PB2,120D,PB2,120E,https://doi.org/10.1038/s41426-018-0050-0,
PB2,147T,PB2,147M,https://doi.org/10.1038/s41426-018-0050-0,
PB2,147L,PB2,147M,https://doi.org/10.1038/s41426-018-0050-0,
PB2,158G,PB2,158E,https://doi.org/10.1038/s41426-018-0050-0,
PB2,194R,PB2,194Q,https://doi.org/10.1038/s41426-018-0050-0,
PB2,199S,PB2,199A,https://doi.org/10.1038/s41426-018-0050-0,
PB2,227I,PB2,227V,https://doi.org/10.1038/s41426-018-0050-0,
PB2,253N,PB2,253D,https://doi.org/10.1038/s41426-018-0050-0,
PB2,256G,PB2,256D,https://doi.org/10.1038/s41426-018-0050-0,
PB2,271A,PB2,271T,https://doi.org/10.1038/s41426-018-0050-0,
PB2,309D,PB2,309G,https://doi.org/10.1038/s41426-018-0050-0,
PB2,339T,PB2,339K,https://doi.org/10.1038/s41426-018-0050-0,
PB2,339M,PB2,339K,https://doi.org/10.1038/s41426-018-0050-0,
PB2,354L,PB2,354I,https://doi.org/10.1038/s41426-018-0050-0,
PB2,355T,PB2,355R,https://doi.org/10.1038/s41426-018-0050-0,
PB2,382V,PB2,382I,https://doi.org/10.1038/s41426-018-0050-0,
PB2,395V,PB2,395A,https://doi.org/10.1038/s41426-018-0050-0,
PB2,399V,PB2,399I,https://doi.org/10.1038/s41426-018-0050-0,
PB2,447L,PB2,447Q,https://doi.org/10.1038/s41426-018-0050-0,
PB2,453H,PB2,453P,https://doi.org/10.1038/s41426-018-0050-0,
PB2,456S,PB2,456N,https://doi.org/10.1038/s41426-018-0050-0,
PB2,463V,PB2,463I,https://doi.org/10.1038/s41426-018-0050-0,
PB2,490N,PB2,490S,https://doi.org/10.1038/s41426-018-0050-0,
PB2,491A,PB2,491T,https://doi.org/10.1038/s41426-018-0050-0,
PB2,526R,PB2,526K,https://doi.org/10.1038/s41426-018-0050-0,
PB2,535T,PB2,535M,https://doi.org/10.1038/s41426-018-0050-0,
PB2,535L,PB2,535M,https://doi.org/10.1038/s41426-018-0050-0,
PB2,547I,PB2,547V,https://doi.org/10.1038/s41426-018-0050-0,
PB2,588I,PB2,588A,https://doi.org/10.1038/s41426-018-0050-0,
PB2,588V,PB2,588A,https://doi.org/10.1038/s41426-018-0050-0,
PB2,627E,PB2,627E,https://doi.org/10.1038/s41426-018-0050-0,
PB2,627V,PB2,627E,https://doi.org/10.1038/s41426-018-0050-0,
PB2,636F,PB2,636L,https://doi.org/10.1038/s41426-018-0050-0,
PB2,661A,PB2,661V,https://doi.org/10.1038/s41426-018-0050-0,
PB2,676I,PB2,676T,https://doi.org/10.1038/s41426-018-0050-0,
PB2,701N,PB2,701D,https://doi.org/10.1038/s41426-018-0050-0,
PB2,701V,PB2,701D,https://doi.org/10.1038/s41426-018-0050-0,
PB2,714R,PB2,714S,https://doi.org/10.1038/s41426-018-0050-0,
PB2-combination_157_0,683T,PB2,683&684VA,https://doi.org/10.1038/s41426-018-0050-0,
PB2-combination_157_1,684S,PB2,683&684VA,https://doi.org/10.1038/s41426-018-0050-0,
PB2-combination_158_0,590S,PB2,590&591GQ,https://doi.org/10.1038/s41426-018-0050-0,
PB2-combination_158_1,591R,PB2,590&591GQ,https://doi.org/10.1038/s41426-018-0050-0,
PB2-combination_158_1,591K,PB2,590&591GQ,https://doi.org/10.1038/s41426-018-0050-0,
PB2,249G,PB2,249E,https://doi.org/10.1038/s41426-018-0050-0,
PB2,702R,PB2,702K,https://doi.org/10.1038/s41426-018-0050-0,
NP,105V,NP,105M,https://doi.org/10.3390/v13061166,"A similar search of NP sequences demonstrated that 66% of mallard isolates carried 105M, whereas AIV isolated from chicken, turkey, or human species carried the substitution M105V in NP (93%, 89%, and 85%, respectively). This sequence analysis data might support the idea that the position 105 in NP may be a determinant for host adaptation or/and increased pathogenicity."
NP,357K,NP,357Q,https://doi.org/10.1080/22221751.2019.1635873," The NP-Q357K substitution is readily to be occurred when avian influenza viruses circulate in pigs, and may facilitate their infection of humans and allow viruses also carrying NP-357K to circulate in humans."
NP,351K,NP,351R,http://dx.doi.org/10.1038%2Fs41564-021-00976-y, PB1-Q621R and NP-R351K increased viral replication and transmission in piglets when introduced into the 1979–1983 ancestral virus that lacked efficient transmissibility.
NS1,125G,NS1,125D,https://doi.org/10.1038/emi.2012.38,"The NS1-125G(GGT) codon was also found in 33 natural influenza A viruses that were strongly associated with switching from avian to mammalian hosts, including human, swine and canine populations. "
NP,33I,NP,33V,https://doi.org/10.3201/eid1209.060276,https://europepmc.org/articles/PMC3294750/table/T1/
NP,100V,NP,100R,https://doi.org/10.3201/eid1209.060276,https://europepmc.org/articles/PMC3294750/table/T1/
NP,109V,NP,109I,https://doi.org/10.3201/eid1209.060276,https://europepmc.org/articles/PMC3294750/table/T1/
NP,214K,NP,214R,https://doi.org/10.3201/eid1209.060276,https://europepmc.org/articles/PMC3294750/table/T1/
NP,293K,NP,293R,https://doi.org/10.3201/eid1209.060276,https://europepmc.org/articles/PMC3294750/table/T1/
NP,372D,NP,372E,https://doi.org/10.3201/eid1209.060276,https://europepmc.org/articles/PMC3294750/table/T1/
NP,422K,NP,422R,https://doi.org/10.3201/eid1209.060276,https://europepmc.org/articles/PMC3294750/table/T1/
NP,442A,NP,442T,https://doi.org/10.3201/eid1209.060276,https://europepmc.org/articles/PMC3294750/table/T1/
NP,455E,NP,455D,https://doi.org/10.3201/eid1209.060276,https://europepmc.org/articles/PMC3294750/table/T1/
NP,16D,NP,16G,https://doi.org/10.3201/eid1209.060276,https://europepmc.org/articles/PMC3294750/table/T1/
NP,61L,NP,61I,https://doi.org/10.3201/eid1209.060276,https://europepmc.org/articles/PMC3294750/table/T1/
NP,283P,NP,283L,https://doi.org/10.3201/eid1209.060276,https://europepmc.org/articles/PMC3294750/table/T1/
NP,305K,NP,305R,https://doi.org/10.3201/eid1209.060276,https://europepmc.org/articles/PMC3294750/table/T1/
NP,313Y,NP,313F,https://doi.org/10.3201/eid1209.060276,https://europepmc.org/articles/PMC3294750/table/T1/
NP,357K,NP,357Q,https://doi.org/10.3201/eid1209.060276,https://europepmc.org/articles/PMC3294750/table/T1/
M1,115I,M1,115V,https://doi.org/10.3201/eid1209.060276,https://europepmc.org/articles/PMC3294750/table/T1/
M1,121A,M1,121T,https://doi.org/10.3201/eid1209.060276,https://europepmc.org/articles/PMC3294750/table/T1/
M1,137A,M1,137T,https://doi.org/10.3201/eid1209.060276,https://europepmc.org/articles/PMC3294750/table/T1/
M2,20N,M2,20S,https://doi.org/10.3201/eid1209.060276,https://europepmc.org/articles/PMC3294750/table/T1/
M2,57H,M2,57Y,https://doi.org/10.3201/eid1209.060276,https://europepmc.org/articles/PMC3294750/table/T1/
M2,86A,M2,86V,https://doi.org/10.3201/eid1209.060276,https://europepmc.org/articles/PMC3294750/table/T1/
PA,321S,PA,321N,https://doi.org/10.1128/jvi.00100-22,PA-N321S has been identified as an important human-adaptive mutation for avian H5 influenza A viruses.
PA,206R,PA,206K,https://doi.org/10.1128/JVI.01817-19,"Reverse genetics analyses of PA-X substitutions conserved in human influenza viruses indicated that R195K, K206R, and P210L substitutions conferred significantly increased replication and pathogenicity on H9N2 virus in mice and ferrets."
PA,210P,PA,210P,https://doi.org/10.1128/JVI.01817-19,"Reverse genetics analyses of PA-X substitutions conserved in human influenza viruses indicated that R195K, K206R, and P210L substitutions conferred significantly increased replication and pathogenicity on H9N2 virus in mice and ferrets."
PA,356R,PA,356K,https://doi.org/10.1080/22221751.2021.1912644,"Increased polymerase activity and replication in mammalian cell lines, increased virulence in mice."
PA,186S,PA,186G,https://doi.org/10.1128/JVI.00522-11,"In our study, we have shown that multiple residues, especially 85I, 186S, and 336M in Cal PA, contribute to the enhancement of avian polymerase activity in mammalian cells, which is essential for mammalian host adaptation. "
PA,158R,PA,158K,https://doi.org/10.1099/jgv.0.000674,These results suggested that PA-K158R was the main PA mutation causing the small increase in EGP18 polymerase activity.
PA,100A,PA,100V,https://doi.org/10.1128/JVI.03155-13,The potentially mammalian-adapting PA-V100A mutation that occurred within the group of A(H7N9) viruses is also indicated in Fig. 1.
PA,37A,PA,37S,https://doi.org/10.1128/JVI.03155-13," In human A549 cells, PA-N409S, PA-S37A, and PA-8Mut moderately increased the viral polymerase activity (P < 0.01, P < 0.05, and P < 0.05, respectively)."
PA,347E,PA,347D,https://doi.org/10.1128/JVI.01557-17,"In conclusion, we identified two novel virulence markers in the influenza H5N1 virus PA protein, (i.e., PA-343S and PA-347E) that together significantly increase influenza virus polymerase activity and virulence in mice. The detection of these amino acids in H5 influenza viruses may signal an increased risk for severe infection in mammals."
PA,85I,PA,85T,https://doi.org/10.1128/JVI.00522-11,"In our study, we have shown that multiple residues, especially 85I, 186S, and 336M in Cal PA, contribute to the enhancement of avian polymerase activity in mammalian cells, which is essential for mammalian host adaptation. "
PA,336M,PA,336L,https://doi.org/10.1128/JVI.00522-11,"The PA 85I, 186S, and 336M mutations identified by reporter gene assay actually enhanced viral polymerase activity when introduced into viruses, confirming that these mutations in an avian PA can enhance avian virus polymerase activity in mammalian host cells.When we examined pathogenicity in vivo, we found that none of the mutations resulted in lethal infection, in sharp contrast to the PB2 627K mutation, which indicates that these PA residues are host adaptation but not pathogenicity factors in the mammalian host ."
PA,343S,PA,343A,https://doi.org/10.1128/JVI.01557-17,"In conclusion, we identified two novel virulence markers in the influenza H5N1 virus PA protein, (i.e., PA-343S and PA-347E) that together significantly increase influenza virus polymerase activity and virulence in mice. The detection of these amino acids in H5 influenza viruses may signal an increased risk for severe infection in mammals."
PA,356R,PA,356K,https://doi.org/10.1128/JVI.00883-16,"In this study, we found that the PA-K356R mutation could contribute to the possible transfer from avian-like tropism to human-like tropism. We found that this mutation increased viral replication and pathogenicity in mice."
PA,97I,PA,97T,https://doi.org/10.1128/jvi.01373-09,"In growth kinetics studies, ma81 showed enhanced replication in mammalian but not avian cell lines; the PA(97I) mutation in strain W81 increased its replicative fitness in mice but not in chickens. The high virulence associated with the PA(97I) mutation in mice corresponded to considerably enhanced polymerase activity in mammalian cells."
PA,356R,PA,356K,https://doi.org/10.3201/eid1209.060276,https://europepmc.org/articles/PMC3294750/table/T1/
PA,382D,PA,382E,https://doi.org/10.3201/eid1209.060276,https://europepmc.org/articles/PMC3294750/table/T1/
PA,28L,PA,28P,https://doi.org/10.3201/eid1209.060276,https://europepmc.org/articles/PMC3294750/table/T1/
PA,55N,PA,55D,https://doi.org/10.3201/eid1209.060276,https://europepmc.org/articles/PMC3294750/table/T1/
PA,57Q,PA,57R,https://doi.org/10.3201/eid1209.060276,https://europepmc.org/articles/PMC3294750/table/T1/
PA,225C,PA,225S,https://doi.org/10.3201/eid1209.060276,https://europepmc.org/articles/PMC3294750/table/T1/
PA,268I,PA,268L,https://doi.org/10.3201/eid1209.060276,https://europepmc.org/articles/PMC3294750/table/T1/
PA,404S,PA,404A,https://doi.org/10.3201/eid1209.060276,https://europepmc.org/articles/PMC3294750/table/T1/
PA,409N,PA,409S,https://doi.org/10.3201/eid1209.060276,https://europepmc.org/articles/PMC3294750/table/T1/
PA,552S,PA,552T,https://doi.org/10.3201/eid1209.060276,https://europepmc.org/articles/PMC3294750/table/T1/
PA,44I,PA,44V,https://doi.org/10.1128/JVI.03532-14,"Five amino acid substitutions in PA (V44I, V127A, C241Y, A343T, and I573V) contribute to the replicative efficiency of H5N1 viruses in human lung cells and to high virulence in mice. These results demonstrate a correlation between the PA mutations V44I, V127A, C241Y, A343T, and I573V and the adaptation of H5N1 virus to mammalian hosts."
PA,127A,PA,127V,https://doi.org/10.1128/JVI.03532-14,"Five amino acid substitutions in PA (V44I, V127A, C241Y, A343T, and I573V) contribute to the replicative efficiency of H5N1 viruses in human lung cells and to high virulence in mice. These results demonstrate a correlation between the PA mutations V44I, V127A, C241Y, A343T, and I573V and the adaptation of H5N1 virus to mammalian hosts."
PA,241Y,PA,241C,https://doi.org/10.1128/JVI.03532-14,"Five amino acid substitutions in PA (V44I, V127A, C241Y, A343T, and I573V) contribute to the replicative efficiency of H5N1 viruses in human lung cells and to high virulence in mice. These results demonstrate a correlation between the PA mutations V44I, V127A, C241Y, A343T, and I573V and the adaptation of H5N1 virus to mammalian hosts."
PA,343T,PA,343A,https://doi.org/10.1128/JVI.03532-14,"Five amino acid substitutions in PA (V44I, V127A, C241Y, A343T, and I573V) contribute to the replicative efficiency of H5N1 viruses in human lung cells and to high virulence in mice. These results demonstrate a correlation between the PA mutations V44I, V127A, C241Y, A343T, and I573V and the adaptation of H5N1 virus to mammalian hosts."
PA,573V,PA,573I,https://doi.org/10.1128/JVI.03532-14,"Five amino acid substitutions in PA (V44I, V127A, C241Y, A343T, and I573V) contribute to the replicative efficiency of H5N1 viruses in human lung cells and to high virulence in mice. These results demonstrate a correlation between the PA mutations V44I, V127A, C241Y, A343T, and I573V and the adaptation of H5N1 virus to mammalian hosts."
combination-combination_215_0,158G,PB2,PB2-158E&PA-295L,https://doi.org/10.1128/jvi.00159-10,PB2 E158G/A and PA L295P amino acid substitutions were responsible for the significant enhancement of transcription and replication activity of the mouse-adapted H1N1 variants.
combination-combination_215_0,158A,PB2,PB2-158E&PA-295L,https://doi.org/10.1128/jvi.00159-10,PB2 E158G/A and PA L295P amino acid substitutions were responsible for the significant enhancement of transcription and replication activity of the mouse-adapted H1N1 variants.
combination-combination_215_1,295P,PA,PB2-158E&PA-295L,https://doi.org/10.1128/jvi.00159-10,PB2 E158G/A and PA L295P amino acid substitutions were responsible for the significant enhancement of transcription and replication activity of the mouse-adapted H1N1 variants.
combination-combination_216_0,150V,H5,H5-150A&PA-343A&PB2-627E,https://doi.org/10.3389/fmicb.2018.00453,"This study suggests that HA A150V, PA A343T, and PB2 E627K are crucial in the adaption and increased pathogenicity of H5N6 in mammalian hosts."
combination-combination_216_1,343T,PA,H5-150A&PA-343A&PB2-627E,https://doi.org/10.3389/fmicb.2018.00453,"This study suggests that HA A150V, PA A343T, and PB2 E627K are crucial in the adaption and increased pathogenicity of H5N6 in mammalian hosts."
combination-combination_216_2,627K,PB2,H5-150A&PA-343A&PB2-627E,https://doi.org/10.3389/fmicb.2018.00453,"This study suggests that HA A150V, PA A343T, and PB2 E627K are crucial in the adaption and increased pathogenicity of H5N6 in mammalian hosts."
NS2,107F,NS2,107L,https://doi.org/10.3201/eid1209.060276,https://europepmc.org/articles/PMC3294750/table/T1/
PB1-F2,76A,PB1-F2,76V,https://doi.org/10.3201/eid1209.060276,https://europepmc.org/articles/PMC3294750/table/T1/
PB1-F2,79Q,PB1-F2,79R,https://doi.org/10.3201/eid1209.060276,https://europepmc.org/articles/PMC3294750/table/T1/
PB1-F2,82S,PB1-F2,82L,https://doi.org/10.3201/eid1209.060276,https://europepmc.org/articles/PMC3294750/table/T1/
PB1-F2,87G,PB1-F2,87E,https://doi.org/10.3201/eid1209.060276,https://europepmc.org/articles/PMC3294750/table/T1/
